{"sfx_volume": 0.6610995531082153, "music_volume": 0.9133613109588623, "fullscreen": false, "show_fps": true}