{"sfx_volume": 0.6600000262260437, "music_volume": 0.9100000262260437, "fullscreen": false, "show_fps": true}
